"""Minimumweight""",1,383177,boxer,Wanheng Menayothin,http://boxrec.com/list_bouts.php?human_id=383177&cat=boxer,221,37,12,0,0,0,37(12)-0-0,"{""w"", ""w"", ""w"", ""w"", ""w"", ""w""}",2007,29,orthodox,flag th,Thailand,"Bangkok, Thailand"
"""Minimumweight""",2,397849,boxer,Hekkie Budler,http://boxrec.com/list_bouts.php?human_id=397849&cat=boxer,202,28,9,1,0,0,28(9)-1-0,"{""w"", ""w"", ""w"", ""w"", ""w"", ""w""}",2007,26,orthodox,flag za,South Africa,"Johannesburg, Gauteng, South Africa"
"""Minimumweight""",3,110049,boxer,Katsunari Takayama,http://boxrec.com/list_bouts.php?human_id=110049&cat=boxer,201,29,11,7,1,0,29(11)-7(1)-0,"{""w"", ""w"", ""w"", ""l"", ""w"", ""w""}",2000,31,orthodox,flag jp,Japan,"Osaka, Osaka, Japan"
"""Minimumweight""",4,666339,boxer,Kosei Tanaka,http://boxrec.com/list_bouts.php?human_id=666339&cat=boxer,115,4,2,0,0,0,4(2)-0-0,"{""w"", ""w"", ""w"", ""w""}",2013,19,orthodox,flag jp,Japan,"Nagoya, Aichi, Japan"
"""Minimumweight""",5,458703,boxer,Carlos Buitrago,http://boxrec.com/list_bouts.php?human_id=458703&cat=boxer,113,28,16,1,0,1,28(16)-1-1,"{""w"", ""w"", ""w"", ""d"", ""l"", ""w""}",2008,23,orthodox,flag ni,Nicaragua,"Managua, Nicaragua"
"""Minimumweight""",6,617144,boxer,Knockout CP Freshmart,http://boxrec.com/list_bouts.php?human_id=617144&cat=boxer,106,10,5,0,0,0,10(5)-0-0,"{""w"", ""w"", ""w"", ""w"", ""w"", ""w""}",2012,24,orthodox,flag th,Thailand,"Surin, Thailand"
"""Minimumweight""",7,434878,boxer,Mario Rodriguez,http://boxrec.com/list_bouts.php?human_id=434878&cat=boxer,98,19,12,10,1,4,19(12)-10(1)-4,"{""w"", ""l"", ""w"", ""w"", ""w"", ""l""}",2005,26,orthodox,flag mx,Mexico,"Guasave, Sinaloa, Mexico"
"""Minimumweight""",8,531601,boxer,Oswaldo Novoa,http://boxrec.com/list_bouts.php?human_id=531601&cat=boxer,94,14,9,5,1,2,14(9)-5(1)-2,"{""w"", ""w"", ""w"", ""w"", ""l"", ""d""}",2010,33,orthodox,flag mx,Mexico,"Guadalajara, Jalisco, Mexico"
"""Minimumweight""",9,366951,boxer,Xiong Zhao Zhong,http://boxrec.com/list_bouts.php?human_id=366951&cat=boxer,83,25,14,6,1,1,25(14)-6(1)-1,"{""w"", ""l"", ""w"", ""w"", ""l"", ""w""}",2006,32,orthodox,flag cn,China,"Kunming, China"
"""Minimumweight""",10,451052,boxer,Jesus Silvestre,http://boxrec.com/list_bouts.php?human_id=451052&cat=boxer,80,30,22,6,1,0,30(22)-6(1)-0,"{""l"", ""w"", ""l"", ""w"", ""w"", ""l""}",2006,25,orthodox,flag mx,Mexico,"Tepic, Nayarit, Mexico"
"""Minimumweight""",11,548193,boxer,Fahlan Sakkreerin Jr,http://boxrec.com/list_bouts.php?human_id=548193&cat=boxer,78,27,15,4,0,1,27(15)-4-1,"{""w"", ""d"", ""w"", ""w"", ""w"", ""l""}",2010,21,orthodox,flag th,Thailand,"Pathum Thani, Thailand"
"""Minimumweight""",12,348267,boxer,Go Odaira,http://boxrec.com/list_bouts.php?human_id=348267&cat=boxer,67,12,1,4,1,3,12(1)-4(1)-3,"{""w"", ""w"", ""w"", ""w"", ""l"", ""w""}",2006,30,southpaw,flag jp,Japan,"Yokohama, Kanagawa, Japan"
"""Minimumweight""",13,431648,boxer,Simphiwe Khonco,http://boxrec.com/list_bouts.php?human_id=431648&cat=boxer,65,15,7,4,3,0,15(7)-4(3)-0,"{""w"", ""w"", ""w"", ""w"", ""w"", ""w""}",2007,"",orthodox,flag za,South Africa,"Mthatha, Eastern Cape, South Africa"
"""Minimumweight""",14,140457,boxer,Florante Condes,http://boxrec.com/list_bouts.php?human_id=140457&cat=boxer,65,27,23,9,0,1,27(23)-9-1,"{""l"", ""l"", ""l"", ""w"", ""w"", ""l""}",2002,34,southpaw,flag ph,Philippines,"Looc, Romblon, Philippines"
"""Minimumweight""",15,528107,boxer,Ryuji Hara,http://boxrec.com/list_bouts.php?human_id=528107&cat=boxer,60,18,10,1,1,0,18(10)-1(1)-0,"{""w"", ""w"", ""w"", ""w"", ""w"", ""l""}",2010,24,orthodox,flag jp,Japan,"Yokohama, Kanagawa, Japan"
"""Minimumweight""",16,544278,boxer,Byron Rojas,http://boxrec.com/list_bouts.php?human_id=544278&cat=boxer,53,15,8,2,0,3,15(8)-2-3,"{""w"", ""w"", ""w"", ""w"", ""w"", ""w""}",2010,24,orthodox,flag ni,Nicaragua,"Matagalpa, Nicaragua"
"""Minimumweight""",17,612000,boxer,Alexis Diaz,http://boxrec.com/list_bouts.php?human_id=612000&cat=boxer,51,16,10,0,0,0,16(10)-0-0,"{""w"", ""w"", ""w"", ""w"", ""w"", ""w""}",2011,27,orthodox,flag ve,Venezuela,"Zulia, Venezuela"
"""Minimumweight""",18,76620,boxer,Pigmy Kokietgym,http://boxrec.com/list_bouts.php?human_id=76620&cat=boxer,49,56,22,7,5,2,56(22)-7(5)-2,"{""w"", ""l"", ""w"", ""w"", ""w"", ""w""}",1999,33,orthodox,flag th,Thailand,"Chaiyaphum, Thailand"
"""Minimumweight""",19,389831,boxer,Luyanda Nkwankwa,http://boxrec.com/list_bouts.php?human_id=389831&cat=boxer,49,7,4,10,4,1,7(4)-10(4)-1,"{""l"", ""d"", ""w"", ""l"", ""w"", ""w""}",2006,"","",flag za,South Africa,"Duncan Village, Eastern Cape, South Africa"
"""Minimumweight""",20,618279,boxer,Ryuya Yamanaka,http://boxrec.com/list_bouts.php?human_id=618279&cat=boxer,44,9,2,2,1,0,9(2)-2(1)-0,"{""w"", ""w"", ""w"", ""l"", ""w"", ""w""}",2012,20,orthodox,flag jp,Japan,"Kobe, Hyogo, Japan"
"""Minimumweight""",21,620640,boxer,Ricardo Perez,http://boxrec.com/list_bouts.php?human_id=620640&cat=boxer,44,8,7,2,0,0,8(7)-2-0,"{""l"", ""w"", ""w"", ""l"", ""w"", ""w""}",2012,23,orthodox,flag mx,Mexico,"Cancun, Quintana Roo, Mexico"
"""Minimumweight""",22,552980,boxer,Jerry Tomogdan,http://boxrec.com/list_bouts.php?human_id=552980&cat=boxer,43,17,9,5,2,2,17(9)-5(2)-2,"{""w"", ""w"", ""w"", ""w"", ""w"", ""w""}",2010,21,southpaw,flag ph,Philippines,"Valencia City, Bukidnon, Philippines"
"""Minimumweight""",23,439255,boxer,Yuma Iwahashi,http://boxrec.com/list_bouts.php?human_id=439255&cat=boxer,42,11,1,7,1,1,11(1)-7(1)-1,"{""w"", ""l"", ""w"", ""l"", ""w"", ""l""}",2007,26,orthodox,flag jp,Japan,"Kawanishi, Hyogo, Japan"
"""Minimumweight""",24,570006,boxer,Jeffrey Galero,http://boxrec.com/list_bouts.php?human_id=570006&cat=boxer,40,11,5,1,0,0,11(5)-1-0,"{""w"", ""w"", ""w"", ""w"", ""w"", ""l""}",2010,24,orthodox,flag ph,Philippines,"Cagayan de Oro City, Misamis Oriental, Philippines"
"""Minimumweight""",25,456523,boxer,Yutaka Sowano,http://boxrec.com/list_bouts.php?human_id=456523&cat=boxer,40,9,6,6,1,1,9(6)-6(1)-1,"{""w"", ""l"", ""w"", ""w"", ""w"", ""l""}",2008,32,orthodox,flag jp,Japan,"Atsugi, Kanagawa, Japan"
"""Minimumweight""",26,548497,boxer,Leroy Estrada,http://boxrec.com/list_bouts.php?human_id=548497&cat=boxer,38,12,5,2,1,0,12(5)-2(1)-0,"{""w"", ""w"", ""w"", ""w"", ""w"", ""l""}",2010,20,southpaw,flag pa,Panama,"La Chorrera, Panama"
"""Minimumweight""",27,662121,boxer,Reiya Konishi,http://boxrec.com/list_bouts.php?human_id=662121&cat=boxer,36,8,4,0,0,0,8(4)-0-0,"{""w"", ""w"", ""w"", ""w"", ""w"", ""w""}",2013,21,orthodox,flag jp,Japan,"Kobe, Hyogo, Japan"
"""Minimumweight""",28,44486,boxer,Edwin Diaz,http://boxrec.com/list_bouts.php?human_id=44486&cat=boxer,35,16,5,20,6,0,16(5)-20(6)-0,"{""w"", ""w"", ""l"", ""w"", ""l"", ""l""}",2001,33,southpaw,flag pa,Panama,"San Miguelito, Panama"
"""Minimumweight""",29,16905,boxer,Muhammad Rachman,http://boxrec.com/list_bouts.php?human_id=16905&cat=boxer,34,65,35,12,1,5,65(35)-12(1)-5,"{""l"", ""w"", ""l"", ""w"", ""w"", ""l""}",1993,43,orthodox,flag id,Indonesia,"Blitar, Indonesia"
"""Minimumweight""",30,640101,boxer,Lester Abutan,http://boxrec.com/list_bouts.php?human_id=640101&cat=boxer,32,7,4,2,0,3,7(4)-2-3,"{""w"", ""d"", ""l"", ""w"", ""d"", ""w""}",2013,23,orthodox,flag ph,Philippines,"Santa Rosa City, Laguna, Philippines"
"""Minimumweight""",31,620514,boxer,Jessie Espinas,http://boxrec.com/list_bouts.php?human_id=620514&cat=boxer,32,11,7,1,0,0,11(7)-1-0,"{""w"", ""w"", ""w"", ""w"", ""w"", ""w""}",2012,"","",flag ph,Philippines,""
"""Minimumweight""",32,490650,boxer,Mateo Handig,http://boxrec.com/list_bouts.php?human_id=490650&cat=boxer,31,13,7,9,2,0,13(7)-9(2)-0,"{""w"", ""w"", ""l"", ""l"", ""l"", ""l""}",2009,25,orthodox,flag ph,Philippines,"Baguio City, Benguet, Philippines"
"""Minimumweight""",33,658330,boxer,Vic Saludar,http://boxrec.com/list_bouts.php?human_id=658330&cat=boxer,31,9,7,1,1,0,9(7)-1(1)-0,"{""w"", ""w"", ""w"", ""w"", ""w"", ""w""}",2013,24,orthodox,flag ph,Philippines,"Polomolok, Cotabato del Sur, Philippines"
"""Minimumweight""",34,617644,boxer,Gilberto Pedroza,http://boxrec.com/list_bouts.php?human_id=617644&cat=boxer,28,12,6,3,1,2,12(6)-3(1)-2,"{""d"", ""d"", ""l"", ""w"", ""l"", ""w""}",2012,22,orthodox,flag pa,Panama,Panama
"""Minimumweight""",35,697728,boxer,Muhammad Harazi,http://boxrec.com/list_bouts.php?human_id=697728&cat=boxer,25,4,1,1,0,0,4(1)-1-0,"{""w"", ""w"", ""w"", ""w"", ""l""}",2014,16,"",flag ye,Yemen,"Sanaa, Yemen"
"""Minimumweight""",36,634124,boxer,Joey Canoy,http://boxrec.com/list_bouts.php?human_id=634124&cat=boxer,25,8,3,1,0,1,8(3)-1-1,"{""d"", ""w"", ""w"", ""w"", ""w"", ""l""}",2012,21,southpaw,flag ph,Philippines,"Mandaue City, Cebu, Philippines"
"""Minimumweight""",37,509512,boxer,Julian Yedras,http://boxrec.com/list_bouts.php?human_id=509512&cat=boxer,24,24,13,1,0,0,24(13)-1-0,"{""w"", ""w"", ""l"", ""w"", ""w"", ""w""}",2009,27,"",flag mx,Mexico,"Ciudad Del Carmen, Campeche, Mexico"
"""Minimumweight""",38,618432,boxer,Siyabonga Siyo,http://boxrec.com/list_bouts.php?human_id=618432&cat=boxer,24,8,4,0,0,0,8(4)-0-0,"{""w"", ""w"", ""w"", ""w"", ""w"", ""w""}",2012,"",orthodox,flag za,South Africa,"Duncan Village, Eastern Cape, South Africa"
"""Minimumweight""",39,638396,boxer,Richard Barrios,http://boxrec.com/list_bouts.php?human_id=638396&cat=boxer,24,8,3,0,0,0,8(3)-0-0,"{""w"", ""w"", ""w"", ""w"", ""w"", ""w""}",2013,23,southpaw,flag ph,Philippines,"Bais City, Negros Oriental, Philippines"
"""Minimumweight""",40,78415,boxer,Carlos Melo,http://boxrec.com/list_bouts.php?human_id=78415&cat=boxer,24,22,2,19,4,3,22(2)-19(4)-3,"{""d"", ""l"", ""w"", ""l"", ""l"", ""d""}",2001,32,orthodox,flag pa,Panama,"Panama City, Panama"
"""Minimumweight""",41,464419,boxer,Carlos Ortega,http://boxrec.com/list_bouts.php?human_id=464419&cat=boxer,24,10,4,4,1,2,10(4)-4(1)-2,"{""l"", ""d"", ""d"", ""w"", ""w"", ""l""}",2008,25,orthodox,flag pa,Panama,"La Chorrera, Panama"
"""Minimumweight""",42,450528,boxer,Tatsuya Fukuhara,http://boxrec.com/list_bouts.php?human_id=450528&cat=boxer,23,14,5,4,1,5,14(5)-4(1)-5,"{""l"", ""l"", ""d"", ""w"", ""d"", ""w""}",2008,25,southpaw,flag jp,Japan,"Kumamoto, Kumamoto, Japan"
"""Minimumweight""",43,194449,boxer,Mbulelo Nxazonke,http://boxrec.com/list_bouts.php?human_id=194449&cat=boxer,22,5,3,9,4,3,5(3)-9(4)-3,"{""l"", ""d"", ""l"", ""l"", ""w"", ""w""}",2001,"",southpaw,flag za,South Africa,"Indwe, Eastern Cape, South Africa"
"""Minimumweight""",44,286784,boxer,Yoshinori Wakahara,http://boxrec.com/list_bouts.php?human_id=286784&cat=boxer,22,7,4,4,3,0,7(4)-4(3)-0,"{""l"", ""w"", ""w"", ""w"", ""l"", ""w""}",2004,33,orthodox,flag jp,Japan,"Tokyo, Japan"
"""Minimumweight""",45,263288,boxer,Boy Tanto,http://boxrec.com/list_bouts.php?human_id=263288&cat=boxer,21,9,1,16,10,0,9(1)-16(10)-0,"{""w"", ""w"", ""w"", ""l"", ""l"", ""w""}",2004,29,orthodox,flag id,Indonesia,"Cirebon, Indonesia"
"""Minimumweight""",46,397638,boxer,Ronelle Ferreras,http://boxrec.com/list_bouts.php?human_id=397638&cat=boxer,21,14,6,8,1,3,14(6)-8(1)-3,"{""w"", ""l"", ""l"", ""w"", ""d"", ""l""}",2006,30,southpaw,flag ph,Philippines,"Paranaque City, Metro Manila, Philippines"
"""Minimumweight""",47,531266,boxer,Alcides Martinez,http://boxrec.com/list_bouts.php?human_id=531266&cat=boxer,20,12,6,3,1,9,12(6)-3(1)-9,"{""w"", ""d"", ""w"", ""l"", ""d"", ""nc""}",2010,23,orthodox,flag ni,Nicaragua,"Managua, Nicaragua"
"""Minimumweight""",48,574761,boxer,Mark Anthony Florida,http://boxrec.com/list_bouts.php?human_id=574761&cat=boxer,20,9,7,5,2,0,9(7)-5(2)-0,"{""l"", ""l"", ""l"", ""l"", ""l"", ""w""}",2011,"","",flag ph,Philippines,""
"""Minimumweight""",49,590989,boxer,Siphamanda Baleni,http://boxrec.com/list_bouts.php?human_id=590989&cat=boxer,19,6,2,1,0,1,6(2)-1-1,"{""d"", ""w"", ""w"", ""w"", ""w"", ""l""}",2011,24,"",flag za,South Africa,"Mthatha, Eastern Cape, South Africa"
"""Minimumweight""",50,552964,boxer,Lito Dante,http://boxrec.com/list_bouts.php?human_id=552964&cat=boxer,18,8,5,4,0,3,8(5)-4-3,"{""l"", ""w"", ""w"", ""w"", ""l"", ""w""}",2010,25,orthodox,flag ph,Philippines,"Valenzuela City, Metro Manila, Philippines"
"""Minimumweight""",51,421028,boxer,Roilo Golez,http://boxrec.com/list_bouts.php?human_id=421028&cat=boxer,18,15,6,13,6,1,15(6)-13(6)-1,"{""l"", ""d"", ""l"", ""w"", ""l"", ""l""}",2006,27,orthodox,flag ph,Philippines,"Benguet, Philippines"
"""Minimumweight""",52,563001,boxer,Hiroya Yamamoto,http://boxrec.com/list_bouts.php?human_id=563001&cat=boxer,18,8,3,3,1,0,8(3)-3(1)-0,"{""w"", ""w"", ""l"", ""w"", ""l"", ""l""}",2011,23,orthodox,flag jp,Japan,"Tokyo, Japan"
"""Minimumweight""",53,615525,boxer,Nhlanhla Ngamntwini,http://boxrec.com/list_bouts.php?human_id=615525&cat=boxer,17,9,6,1,1,0,9(6)-1(1)-0,"{""w"", ""w"", ""w"", ""w"", ""w"", ""l""}",2012,"","",flag za,South Africa,"Duncan Village, Eastern Cape, South Africa"
"""Minimumweight""",54,505558,boxer,Kenta Shimizu,http://boxrec.com/list_bouts.php?human_id=505558&cat=boxer,17,8,4,5,2,1,8(4)-5(2)-1,"{""w"", ""w"", ""l"", ""w"", ""w"", ""l""}",2009,26,orthodox,flag jp,Japan,"Osaka, Osaka, Japan"
"""Minimumweight""",55,633220,boxer,Omar Ortiz,http://boxrec.com/list_bouts.php?human_id=633220&cat=boxer,16,9,6,3,1,0,9(6)-3(1)-0,"{""w"", ""w"", ""w"", ""l"", ""w"", ""nc""}",2012,23,orthodox,flag ni,Nicaragua,"Masaya, Nicaragua"
"""Minimumweight""",56,584437,boxer,Jay Loto,http://boxrec.com/list_bouts.php?human_id=584437&cat=boxer,15,9,0,0,0,1,9-0-1,"{""w"", ""w"", ""w"", ""w"", ""w"", ""d""}",2011,21,orthodox,flag ph,Philippines,"Paranaque City, Metro Manila, Philippines"
"""Minimumweight""",57,580843,boxer,Bonjun Loperez,http://boxrec.com/list_bouts.php?human_id=580843&cat=boxer,14,9,5,3,3,1,9(5)-3(3)-1,"{""w"", ""w"", ""w"", ""l"", ""w"", ""l""}",2011,"",orthodox,flag ph,Philippines,"Rizal, Metro Manila, Philippines"
"""Minimumweight""",58,443621,boxer,Bimbo Nacionales,http://boxrec.com/list_bouts.php?human_id=443621&cat=boxer,13,12,2,9,8,1,12(2)-9(8)-1,"{""l"", ""l"", ""l"", ""l"", ""w"", ""l""}",2007,25,orthodox,flag ph,Philippines,"Maasim, Sarangani, Philippines"
"""Minimumweight""",59,683667,boxer,Steven Kobelo,http://boxrec.com/list_bouts.php?human_id=683667&cat=boxer,13,11,2,0,0,3,11(2)-0-3,"{""w"", ""d"", ""w"", ""w"", ""w"", ""w""}",2014,"","",flag tz,Tanzania,""
"""Minimumweight""",60,680029,boxer,Byron Castellon,http://boxrec.com/list_bouts.php?human_id=680029&cat=boxer,13,7,2,2,0,2,7(2)-2-2,"{""w"", ""w"", ""w"", ""d"", ""w"", ""l""}",2014,22,orthodox,flag ni,Nicaragua,"Chichigalpa, Nicaragua"
"""Minimumweight""",61,674509,boxer,Cris Ganoza,http://boxrec.com/list_bouts.php?human_id=674509&cat=boxer,12,5,1,0,0,0,5(1)-0-0,"{""w"", ""w"", ""w"", ""w"", ""w""}",2014,20,southpaw,flag ph,Philippines,"Paranaque City, Metro Manila, Philippines"
"""Minimumweight""",62,596281,boxer,Lonwabo Roboshi,http://boxrec.com/list_bouts.php?human_id=596281&cat=boxer,11,8,5,2,1,0,8(5)-2(1)-0,"{""w"", ""l"", ""w"", ""w"", ""w"", ""w""}",2011,"","",flag za,South Africa,"Uitenhage, Eastern Cape, South Africa"
"""Minimumweight""",63,635382,boxer,Orlie Silvestre,http://boxrec.com/list_bouts.php?human_id=635382&cat=boxer,11,4,3,1,0,1,4(3)-1-1,"{""w"", ""w"", ""l"", ""w"", ""d"", ""w""}",2012,21,orthodox,flag ph,Philippines,"Davao City, Davao del Sur, Philippines"
"""Minimumweight""",64,704905,boxer,Chanachai CP Freshmart,http://boxrec.com/list_bouts.php?human_id=704905&cat=boxer,11,3,2,0,0,0,3(2)-0-0,"{""w"", ""w"", ""w""}",2014,"","",flag th,Thailand,""
"""Minimumweight""",65,698409,boxer,Hayton Hernandez,http://boxrec.com/list_bouts.php?human_id=698409&cat=boxer,11,0,0,2,0,0,0-2-0,"{""l"", ""l""}",2014,"","",flag mx,Mexico,Mexico
"""Minimumweight""",66,520602,boxer,Crison Omayao,http://boxrec.com/list_bouts.php?human_id=520602&cat=boxer,10,16,4,9,4,2,16(4)-9(4)-2,"{""l"", ""l"", ""d"", ""l"", ""l"", ""l""}",2009,22,orthodox,flag ph,Philippines,"Bukidnon, Philippines"
"""Minimumweight""",67,364029,boxer,Armando Vazquez,http://boxrec.com/list_bouts.php?human_id=364029&cat=boxer,10,23,6,14,11,1,23(6)-14(11)-1,"{""l"", ""nc"", ""w"", ""l"", ""l"", ""l""}",2005,"",orthodox,flag mx,Mexico,"Mexicali, Baja California, Mexico"
"""Minimumweight""",68,659762,boxer,Jun Takigawa,http://boxrec.com/list_bouts.php?human_id=659762&cat=boxer,10,6,4,1,0,0,6(4)-1-0,"{""w"", ""w"", ""w"", ""w"", ""l"", ""w""}",2013,24,orthodox,flag jp,Japan,"Nagoya, Aichi, Japan"
"""Minimumweight""",69,663350,boxer,Philip Luis Cuerdo,http://boxrec.com/list_bouts.php?human_id=663350&cat=boxer,10,7,4,1,1,0,7(4)-1(1)-0,"{""w"", ""l"", ""w"", ""w"", ""w"", ""w""}",2013,19,southpaw,flag ph,Philippines,"Mandaluyong City, Metro Manila, Philippines"
"""Minimumweight""",70,609794,boxer,Naoya Haruguchi,http://boxrec.com/list_bouts.php?human_id=609794&cat=boxer,9,7,2,5,1,0,7(2)-5(1)-0,"{""l"", ""w"", ""w"", ""l"", ""w"", ""w""}",2012,25,orthodox,flag jp,Japan,"Kagoshima, Kagoshima, Japan"
"""Minimumweight""",71,686979,boxer,Luis Castillo,http://boxrec.com/list_bouts.php?human_id=686979&cat=boxer,9,3,2,0,0,0,3(2)-0-0,"{""w"", ""w"", ""w""}",2014,"","",,,"Los Mochis, Sinaloa, Mexico"
"""Minimumweight""",72,272947,boxer,Rodel Tejares,http://boxrec.com/list_bouts.php?human_id=272947&cat=boxer,9,20,5,33,13,6,20(5)-33(13)-6,"{""d"", ""l"", ""l"", ""l"", ""l"", ""l""}",2004,30,orthodox,flag ph,Philippines,"Manila, Metro Manila, Philippines"
"""Minimumweight""",73,477311,boxer,Jorle Estrada,http://boxrec.com/list_bouts.php?human_id=477311&cat=boxer,9,18,7,8,5,0,18(7)-8(5)-0,"{""w"", ""w"", ""w"", ""l"", ""w"", ""l""}",2008,26,orthodox,flag co,Colombia,"San Pelayo, Colombia"
"""Minimumweight""",74,643521,boxer,Xolisa Magusha,http://boxrec.com/list_bouts.php?human_id=643521&cat=boxer,9,5,2,1,0,0,5(2)-1-0,"{""w"", ""w"", ""w"", ""l"", ""w"", ""w""}",2012,"",southpaw,flag za,South Africa,"Whittlesea, Eastern Cape, South Africa"
"""Minimumweight""",75,616797,boxer,Yuki Kubo,http://boxrec.com/list_bouts.php?human_id=616797&cat=boxer,8,6,2,2,0,0,6(2)-2-0,"{""w"", ""w"", ""w"", ""w"", ""w"", ""l""}",2012,27,southpaw,flag jp,Japan,"Kashiwa, Chiba, Japan"
"""Minimumweight""",76,600527,boxer,Ian Ligutan,http://boxrec.com/list_bouts.php?human_id=600527&cat=boxer,8,6,3,1,0,2,6(3)-1-2,"{""d"", ""w"", ""w"", ""w"", ""d"", ""l""}",2011,22,orthodox,flag ph,Philippines,"Laguna, Philippines"
"""Minimumweight""",77,664793,boxer,Ali Rafik,http://boxrec.com/list_bouts.php?human_id=664793&cat=boxer,8,5,4,1,0,0,5(4)-1-0,"{""w"", ""w"", ""w"", ""w"", ""w"", ""l""}",2013,16,"",flag ye,Yemen,"Sanaa, Yemen"
"""Minimumweight""",78,665791,boxer,Yoichi Kojima,http://boxrec.com/list_bouts.php?human_id=665791&cat=boxer,8,3,2,1,1,1,3(2)-1(1)-1,"{""l"", ""w"", ""w"", ""d"", ""w""}",2013,25,southpaw,flag jp,Japan,"Onga-cho, Fukuoka, Japan"
"""Minimumweight""",79,633219,boxer,Jerson Ortiz,http://boxrec.com/list_bouts.php?human_id=633219&cat=boxer,7,10,4,1,0,0,10(4)-1-0,"{""w"", ""w"", ""w"", ""w"", ""w"", ""l""}",2012,21,orthodox,flag ni,Nicaragua,"Managua, Nicaragua"
"""Minimumweight""",80,629970,boxer,Julio Mendoza,http://boxrec.com/list_bouts.php?human_id=629970&cat=boxer,7,8,2,3,1,0,8(2)-3(1)-0,"{""w"", ""w"", ""w"", ""l"", ""l"", ""w""}",2012,22,orthodox,flag ni,Nicaragua,"Jinotega, Nicaragua"
"""Minimumweight""",81,702751,boxer,Hasan Dhubaibi,http://boxrec.com/list_bouts.php?human_id=702751&cat=boxer,7,1,1,0,0,0,1(1)-0-0,"{""w""}",2014,18,"",flag ye,Yemen,"Raymah, Yemen"
"""Minimumweight""",82,672919,boxer,Eliezer Gazo,http://boxrec.com/list_bouts.php?human_id=672919&cat=boxer,7,7,2,4,1,0,7(2)-4(1)-0,"{""w"", ""w"", ""l"", ""w"", ""w"", ""l""}",2013,20,orthodox,flag ni,Nicaragua,"Managua, Nicaragua"
"""Minimumweight""",83,692263,boxer,Rene Mark Cuarto,http://boxrec.com/list_bouts.php?human_id=692263&cat=boxer,7,4,2,1,0,0,4(2)-1-0,"{""w"", ""w"", ""w"", ""l"", ""w""}",2014,18,orthodox,flag ph,Philippines,"Jose Dalman (Ponot), Zamboanga del Norte, Philippines"
"""Minimumweight""",84,673567,boxer,Toto Landero,http://boxrec.com/list_bouts.php?human_id=673567&cat=boxer,7,5,2,0,0,1,5(2)-0-1,"{""w"", ""w"", ""w"", ""d"", ""w"", ""w""}",2013,19,orthodox,flag ph,Philippines,"Paranaque City, Metro Manila, Philippines"
"""Minimumweight""",85,427039,boxer,Khanyakude Mukansi,http://boxrec.com/list_bouts.php?human_id=427039&cat=boxer,6,8,1,12,0,2,8(1)-12-2,"{""d"", ""l"", ""l"", ""l"", ""l"", ""l""}",2005,"","",flag za,South Africa,"Malamulele, Limpopo, South Africa"
"""Minimumweight""",86,573312,boxer,Oliver Gregorio,http://boxrec.com/list_bouts.php?human_id=573312&cat=boxer,6,9,5,4,2,2,9(5)-4(2)-2,"{""w"", ""l"", ""l"", ""w"", ""d"", ""l""}",2011,22,orthodox,flag ph,Philippines,"Agoncillo, Batangas, Philippines"
"""Minimumweight""",87,549770,boxer,Malibongwe Mntusanto,http://boxrec.com/list_bouts.php?human_id=549770&cat=boxer,5,7,2,7,4,0,7(2)-7(4)-0,"{""l"", ""l"", ""w"", ""l"", ""l"", ""l""}",2009,"","",flag za,South Africa,"Duncan Village, Eastern Cape, South Africa"
"""Minimumweight""",88,552998,boxer,Lester John Pronco,http://boxrec.com/list_bouts.php?human_id=552998&cat=boxer,5,9,6,10,3,1,9(6)-10(3)-1,"{""l"", ""l"", ""l"", ""l"", ""l"", ""l""}",2010,21,"",flag ph,Philippines,"Malaybalay City, Bukidnon, Philippines"
"""Minimumweight""",89,324344,boxer,Dragon Jun,http://boxrec.com/list_bouts.php?human_id=324344&cat=boxer,5,5,3,12,7,0,5(3)-12(7)-0,"{""w"", ""l"", ""l"", ""w"", ""l"", ""l""}",2005,29,southpaw,flag jp,Japan,"Kashiwa, Chiba, Japan"
"""Minimumweight""",90,690596,boxer,Gerald Paclar,http://boxrec.com/list_bouts.php?human_id=690596&cat=boxer,5,2,1,2,0,0,2(1)-2-0,"{""l"", ""w"", ""w"", ""l""}",2014,"","",flag ph,Philippines,""
"""Minimumweight""",91,548658,boxer,Takayuki Teraji,http://boxrec.com/list_bouts.php?human_id=548658&cat=boxer,5,5,3,8,2,1,5(3)-8(2)-1,"{""l"", ""l"", ""l"", ""l"", ""w"", ""l""}",2010,23,orthodox,flag jp,Japan,"Oita, Oita, Japan"
"""Minimumweight""",92,609145,boxer,Ricardo Astuvilca,http://boxrec.com/list_bouts.php?human_id=609145&cat=boxer,4,14,4,0,0,0,14(4)-0-0,"{""w"", ""w"", ""w"", ""w"", ""w"", ""w""}",2012,26,orthodox,flag pe,Peru,"Lima, Peru"
"""Minimumweight""",93,672583,boxer,Mbaraka Mchonge,http://boxrec.com/list_bouts.php?human_id=672583&cat=boxer,4,1,1,3,1,0,1(1)-3(1)-0,"{""l"", ""l"", ""w"", ""l""}",2013,"","",flag tz,Tanzania,""
"""Minimumweight""",94,672310,boxer,Riku Kano,http://boxrec.com/list_bouts.php?human_id=672310&cat=boxer,4,5,3,1,0,1,5(3)-1-1,"{""w"", ""d"", ""w"", ""w"", ""w"", ""w""}",2013,17,southpaw,flag jp,Japan,"Sanda, Hyogo, Japan"
"""Minimumweight""",95,629381,boxer,Rafael Sueno,http://boxrec.com/list_bouts.php?human_id=629381&cat=boxer,4,3,3,3,2,0,3(3)-3(2)-0,"{""w"", ""l"", ""w"", ""w"", ""l"", ""l""}",2012,23,orthodox,flag ph,Philippines,"Bacolod City, Negros Occidental, Philippines"
"""Minimumweight""",96,581354,boxer,Ryan Ralozo,http://boxrec.com/list_bouts.php?human_id=581354&cat=boxer,4,8,2,14,6,2,8(2)-14(6)-2,"{""d"", ""l"", ""l"", ""l"", ""l"", ""l""}",2010,24,"",flag ph,Philippines,"Cagayan de Oro City, Misamis Oriental, Philippines"
"""Minimumweight""",97,492232,boxer,Camilio Mendoza,http://boxrec.com/list_bouts.php?human_id=492232&cat=boxer,4,4,1,1,0,1,4(1)-1-1,"{""w"", ""w"", ""w"", ""d"", ""l"", ""w""}",2009,"",orthodox,flag ni,Nicaragua,Nicaragua
"""Minimumweight""",98,551395,boxer,Ryan Canillas,http://boxrec.com/list_bouts.php?human_id=551395&cat=boxer,3,4,3,2,1,3,4(3)-2(1)-3,"{""w"", ""d"", ""d"", ""l"", ""w"", ""w""}",2010,23,orthodox,flag ph,Philippines,"Toledo City, Cebu, Philippines"
"""Minimumweight""",99,674519,boxer,Edson Eduardo Neri,http://boxrec.com/list_bouts.php?human_id=674519&cat=boxer,3,2,1,0,0,0,2(1)-0-0,"{""w"", ""w""}",2014,"","",flag mx,Mexico,"México, Mexico"
"""Minimumweight""",100,384119,boxer,Rey Morano,http://boxrec.com/list_bouts.php?human_id=384119&cat=boxer,3,9,1,43,19,1,9(1)-43(19)-1,"{""l"", ""l"", ""l"", ""l"", ""w"", ""l""}",2006,31,southpaw,flag ph,Philippines,"Manila, Metro Manila, Philippines"
"""Minimumweight""",101,660219,boxer,Ramon Parra,http://boxrec.com/list_bouts.php?human_id=660219&cat=boxer,3,2,1,0,0,2,2(1)-0-2,"{""w"", ""w"", ""d"", ""d""}",2013,"","",flag mx,Mexico,"Sinaloa, Mexico"
"""Minimumweight""",102,615526,boxer,Msindisi Mathibe,http://boxrec.com/list_bouts.php?human_id=615526&cat=boxer,3,1,1,6,2,0,1(1)-6(2)-0,"{""l"", ""l"", ""l"", ""l"", ""w"", ""l""}",2012,"","",flag za,South Africa,"Eastern Cape, South Africa"
"""Minimumweight""",103,697982,boxer,Shota Oka,http://boxrec.com/list_bouts.php?human_id=697982&cat=boxer,3,2,1,1,0,0,2(1)-1-0,"{""w"", ""l"", ""w""}",2014,19,orthodox,flag jp,Japan,"Uji, Kyoto, Japan"
"""Minimumweight""",104,713737,boxer,Jeffrey Billiones,http://boxrec.com/list_bouts.php?human_id=713737&cat=boxer,3,1,0,0,0,0,1-0-0,"{""w""}",2015,"","",flag ph,Philippines,""
"""Minimumweight""",105,661543,boxer,Andres Olivas,http://boxrec.com/list_bouts.php?human_id=661543&cat=boxer,3,7,1,0,0,0,7(1)-0-0,"{""w"", ""w"", ""w"", ""w"", ""w"", ""w""}",2013,"","",flag mx,Mexico,"Los Mochis, Sinaloa, Mexico"
"""Minimumweight""",106,611467,boxer,Jose Sanchez,http://boxrec.com/list_bouts.php?human_id=611467&cat=boxer,3,5,2,3,1,2,5(2)-3(1)-2,"{""d"", ""w"", ""w"", ""w"", ""l"", ""l""}",2011,21,orthodox,flag pa,Panama,Panama
"""Minimumweight""",107,554790,boxer,Ndikho Magadaza,http://boxrec.com/list_bouts.php?human_id=554790&cat=boxer,3,6,2,6,2,0,6(2)-6(2)-0,"{""l"", ""w"", ""l"", ""l"", ""w"", ""w""}",2010,"","",flag za,South Africa,"Port Alfred, Eastern Cape, South Africa"
"""Minimumweight""",108,576482,boxer,Fahpituck Por Pakdee,http://boxrec.com/list_bouts.php?human_id=576482&cat=boxer,3,5,3,0,0,0,5(3)-0-0,"{""w"", ""w"", ""w"", ""w"", ""w""}",2011,28,orthodox,flag th,Thailand,"Phayao, Thailand"
"""Minimumweight""",109,390296,boxer,Adam Yahya,http://boxrec.com/list_bouts.php?human_id=390296&cat=boxer,3,11,5,2,0,0,11(5)-2-0,"{""w"", ""w"", ""w"", ""w"", ""w"", ""w""}",2006,"","",flag tz,Tanzania,""
"""Minimumweight""",110,702134,boxer,Thandolwethu Nkwenteni,http://boxrec.com/list_bouts.php?human_id=702134&cat=boxer,3,1,1,2,1,0,1(1)-2(1)-0,"{""l"", ""l"", ""w""}",2014,"","",flag za,South Africa,"King William's Town, Eastern Cape, South Africa"
"""Minimumweight""",111,631037,boxer,Akhona Msindeli,http://boxrec.com/list_bouts.php?human_id=631037&cat=boxer,3,1,0,2,2,1,1-2(2)-1,"{""l"", ""w"", ""d"", ""l""}",2012,"","",flag za,South Africa,"Duncan Village, East London, Eastern Cape, South Africa"
"""Minimumweight""",112,690595,boxer,Jomar Caindog,http://boxrec.com/list_bouts.php?human_id=690595&cat=boxer,2,4,2,0,0,0,4(2)-0-0,"{""w"", ""w"", ""w"", ""w""}",2014,20,orthodox,flag ph,Philippines,"Sindangan, Zamboanga del Norte, Philippines"
"""Minimumweight""",113,640992,boxer,Melianus Mirin,http://boxrec.com/list_bouts.php?human_id=640992&cat=boxer,2,4,2,2,0,0,4(2)-2-0,"{""w"", ""l"", ""w"", ""w"", ""w"", ""l""}",2012,"","",flag id,Indonesia,"Jayapura, Indonesia"
"""Minimumweight""",114,685414,boxer,Ryusei Kitamura,http://boxrec.com/list_bouts.php?human_id=685414&cat=boxer,2,3,1,1,0,0,3(1)-1-0,"{""w"", ""w"", ""l"", ""w""}",2014,19,southpaw,flag jp,Japan,"Osaka, Osaka, Japan"
"""Minimumweight""",115,271489,boxer,Loyiso Ngantweni,http://boxrec.com/list_bouts.php?human_id=271489&cat=boxer,2,2,2,13,6,5,2(2)-13(6)-5,"{""l"", ""w"", ""l"", ""l"", ""w"", ""l""}",2003,"","",flag za,South Africa,"Soweto, Gauteng, South Africa"
"""Minimumweight""",116,682249,boxer,Ryan Bajala,http://boxrec.com/list_bouts.php?human_id=682249&cat=boxer,2,3,1,2,1,1,3(1)-2(1)-1,"{""w"", ""w"", ""w"", ""d"", ""l"", ""l""}",2014,"","",flag ph,Philippines,Philippines
"""Minimumweight""",117,664282,boxer,Hizuki Saso,http://boxrec.com/list_bouts.php?human_id=664282&cat=boxer,2,3,0,1,0,0,3-1-0,"{""w"", ""w"", ""l"", ""w""}",2013,19,orthodox,flag jp,Japan,"Odawara, Kanagawa, Japan"
"""Minimumweight""",118,541744,boxer,Michael Borja,http://boxrec.com/list_bouts.php?human_id=541744&cat=boxer,2,6,0,12,6,1,6-12(6)-1,"{""l"", ""l"", ""l"", ""l"", ""l"", ""l""}",2010,22,orthodox,flag ph,Philippines,"General Santos City, Cotabato del Sur, Philippines"
"""Minimumweight""",119,704044,boxer,James Kibazange,http://boxrec.com/list_bouts.php?human_id=704044&cat=boxer,2,2,0,1,0,0,2-1-0,"{""w"", ""w"", ""l""}",2014,"","",flag tz,Tanzania,""
"""Minimumweight""",120,605542,boxer,Dexter Dimaculangan,http://boxrec.com/list_bouts.php?human_id=605542&cat=boxer,2,3,1,6,4,5,3(1)-6(4)-5,"{""l"", ""d"", ""l"", ""d"", ""l"", ""l""}",2011,20,orthodox,flag ph,Philippines,"San Pablo City, Laguna, Philippines"
"""Minimumweight""",121,650301,boxer,Juan Carlos Ramirez,http://boxrec.com/list_bouts.php?human_id=650301&cat=boxer,1,1,0,1,0,1,1-1-1,"{""l"", ""d"", ""w"", ""nc""}",2013,"","",flag mx,Mexico,"Los Mochis, Sinaloa, Mexico"
"""Minimumweight""",122,675690,boxer,Desierto Nagaike,http://boxrec.com/list_bouts.php?human_id=675690&cat=boxer,1,4,0,1,0,1,4-1-1,"{""l"", ""w"", ""d"", ""w"", ""w"", ""w""}",2014,28,orthodox,flag jp,Japan,"Tokyo, Japan"
"""Minimumweight""",123,561837,boxer,Ali Dridi,http://boxrec.com/list_bouts.php?human_id=561837&cat=boxer,1,8,3,4,4,0,8(3)-4(4)-0,"{""w"", ""w"", ""l"", ""l"", ""l"", ""l""}",2011,28,"",flag so,Somalia,"Mogadishu, Somalia"
"""Minimumweight""",124,685622,boxer,Yanga Sigqebo,http://boxrec.com/list_bouts.php?human_id=685622&cat=boxer,1,2,0,0,0,0,2-0-0,"{""w"", ""w""}",2014,"","",flag za,South Africa,"Eastern Cape, South Africa"
"""Minimumweight""",125,665798,boxer,Toshiki Yanari,http://boxrec.com/list_bouts.php?human_id=665798&cat=boxer,1,2,2,1,1,0,2(2)-1(1)-0,"{""w"", ""w"", ""l""}",2013,23,orthodox,flag jp,Japan,"Nakatsu, Oita, Japan"
"""Minimumweight""",126,560691,boxer,Nino Valenzuela,http://boxrec.com/list_bouts.php?human_id=560691&cat=boxer,1,8,2,0,0,1,8(2)-0-1,"{""w"", ""w"", ""w"", ""w"", ""d"", ""w""}",2011,22,"",flag ph,Philippines,"Mandaluyong City, Metro Manila, Philippines"
"""Minimumweight""",127,677350,boxer,John Philip Fuentes,http://boxrec.com/list_bouts.php?human_id=677350&cat=boxer,1,2,0,0,0,0,2-0-0,"{""w"", ""w""}",2014,22,southpaw,flag ph,Philippines,"Panabo City, Davao del Norte, Philippines"
"""Minimumweight""",128,699282,boxer,Kohei Kashino,http://boxrec.com/list_bouts.php?human_id=699282&cat=boxer,1,2,1,0,0,0,2(1)-0-0,"{""w"", ""w""}",2014,27,southpaw,flag jp,Japan,"Kawasaki, Kanagawa, Japan"
"""Minimumweight""",129,677852,boxer,Shuri Hasebe,http://boxrec.com/list_bouts.php?human_id=677852&cat=boxer,1,2,0,2,1,0,2-2(1)-0,"{""w"", ""l"", ""l"", ""w""}",2014,19,orthodox,flag jp,Japan,"Tokyo, Japan"
"""Minimumweight""",130,398236,boxer,Tetsuya Nemoto,http://boxrec.com/list_bouts.php?human_id=398236&cat=boxer,1,3,2,4,1,0,3(2)-4(1)-0,"{""l"", ""l"", ""w"", ""l"", ""w"", ""l""}",2007,30,orthodox,flag jp,Japan,"Choshi, Chiba, Japan"
"""Minimumweight""",131,703918,boxer,Iviwe Mgema,http://boxrec.com/list_bouts.php?human_id=703918&cat=boxer,1,2,1,0,0,1,2(1)-0-1,"{""d"", ""w"", ""w""}",2014,"","",flag za,South Africa,"Eastern Cape, South Africa"
"""Minimumweight""",132,567355,boxer,Mustafa Humaidi,http://boxrec.com/list_bouts.php?human_id=567355&cat=boxer,1,6,2,3,3,0,6(2)-3(3)-0,"{""w"", ""w"", ""w"", ""l"", ""l"", ""l""}",2011,23,"",flag ye,Yemen,"Ibb, Yemen"
"""Minimumweight""",133,625845,boxer,Jose Lopez,http://boxrec.com/list_bouts.php?human_id=625845&cat=boxer,1,4,0,6,5,3,4-6(5)-3,"{""l"", ""l"", ""l"", ""l"", ""l"", ""d""}",2012,"","",flag mx,Mexico,"Los Mochis, Sinaloa, Mexico"
"""Minimumweight""",134,682217,boxer,Eduardo Gonzalez,http://boxrec.com/list_bouts.php?human_id=682217&cat=boxer,1,4,3,3,0,0,4(3)-3-0,"{""l"", ""w"", ""l"", ""l"", ""w"", ""w""}",2014,21,orthodox,flag ni,Nicaragua,"Managua, Nicaragua"
"""Minimumweight""",135,591514,boxer,Ryoki Hirai,http://boxrec.com/list_bouts.php?human_id=591514&cat=boxer,1,4,1,3,1,1,4(1)-3(1)-1,"{""w"", ""d"", ""l"", ""l"", ""l"", ""w""}",2011,24,orthodox,flag jp,Japan,"Kobe, Hyogo, Japan"
"""Minimumweight""",136,646391,boxer,Joel Taduran,http://boxrec.com/list_bouts.php?human_id=646391&cat=boxer,1,4,0,2,0,0,4-2-0,"{""w"", ""w"", ""l"", ""l"", ""w"", ""w""}",2013,20,orthodox,flag ph,Philippines,"Valenzuela City, Metro Manila, Philippines"
"""Minimumweight""",137,672582,boxer,Salum Msabaha,http://boxrec.com/list_bouts.php?human_id=672582&cat=boxer,1,6,1,0,0,1,6(1)-0-1,"{""w"", ""w"", ""w"", ""w"", ""d"", ""w""}",2013,"","",flag tz,Tanzania,""
"""Minimumweight""",138,519461,boxer,Eduardo Cruz Munoz,http://boxrec.com/list_bouts.php?human_id=519461&cat=boxer,1,17,12,11,4,1,17(12)-11(4)-1,"{""l"", ""l"", ""l"", ""w"", ""l"", ""w""}",2009,23,orthodox,flag mx,Mexico,"Guadalajara, Jalisco, Mexico"
"""Minimumweight""",139,655233,boxer,Charles Canedo,http://boxrec.com/list_bouts.php?human_id=655233&cat=boxer,1,7,4,1,1,0,7(4)-1(1)-0,"{""w"", ""w"", ""w"", ""w"", ""w"", ""l""}",2013,23,orthodox,flag ph,Philippines,"Mambajao, Camiguin, Philippines"
"""Minimumweight""",140,684301,boxer,Naoki Morooka,http://boxrec.com/list_bouts.php?human_id=684301&cat=boxer,0,3,2,2,1,0,3(2)-2(1)-0,"{""w"", ""w"", ""l"", ""l"", ""w""}",2014,22,orthodox,flag jp,Japan,"Tokyo, Japan"
"""Minimumweight""",141,668872,boxer,Mark Macabales,http://boxrec.com/list_bouts.php?human_id=668872&cat=boxer,0,2,0,3,1,0,2-3(1)-0,"{""l"", ""l"", ""w"", ""w"", ""l""}",2013,"","",flag ph,Philippines,"Valenzuela City, Metro Manila, Philippines"
"""Minimumweight""",142,672918,boxer,Pablo Rocha,http://boxrec.com/list_bouts.php?human_id=672918&cat=boxer,0,1,0,4,0,1,1-4-1,"{""l"", ""l"", ""w"", ""l"", ""d"", ""l""}",2013,19,orthodox,flag ni,Nicaragua,"Managua, Nicaragua"
"""Minimumweight""",143,605728,boxer,Hayato Kai,http://boxrec.com/list_bouts.php?human_id=605728&cat=boxer,0,2,0,2,2,1,2-2(2)-1,"{""d"", ""w"", ""l"", ""w"", ""l""}",2012,36,orthodox,flag jp,Japan,"Tokyo, Japan"
"""Minimumweight""",144,487678,boxer,Alexander Vega,http://boxrec.com/list_bouts.php?human_id=487678&cat=boxer,0,1,0,5,3,0,1-5(3)-0,"{""l"", ""l"", ""l"", ""w"", ""l"", ""l""}",2009,"","",flag co,Colombia,""
"""Minimumweight""",145,485060,boxer,Brobro Languido,http://boxrec.com/list_bouts.php?human_id=485060&cat=boxer,0,5,1,17,10,2,5(1)-17(10)-2,"{""l"", ""l"", ""l"", ""w"", ""l"", ""l""}",2008,"","",flag ph,Philippines,"Zamboanga del Norte, Philippines"
"""Minimumweight""",146,626407,boxer,Jhon Jhon Faminiano,http://boxrec.com/list_bouts.php?human_id=626407&cat=boxer,0,1,0,11,2,3,1-11(2)-3,"{""l"", ""d"", ""l"", ""l"", ""d"", ""l""}",2011,"",orthodox,flag ph,Philippines,"Laguna, Philippines"
"""Minimumweight""",147,717250,boxer,Clyde Azarcon,http://boxrec.com/list_bouts.php?human_id=717250&cat=boxer,0,1,0,0,0,0,1-0-0,"{""w""}",2015,"","",flag ph,Philippines,""
"""Minimumweight""",148,707860,boxer,Zahoro Gombat,http://boxrec.com/list_bouts.php?human_id=707860&cat=boxer,0,0,0,1,0,0,0-1-0,"{""l""}",2015,"","",flag tz,Tanzania,""
"""Minimumweight""",149,464167,boxer,Masayuki Sakurai,http://boxrec.com/list_bouts.php?human_id=464167&cat=boxer,0,3,0,8,0,2,3-8-2,"{""l"", ""l"", ""w"", ""l"", ""w"", ""l""}",2008,25,orthodox,flag jp,Japan,"Kawasaki, Kanagawa, Japan"
"""Minimumweight""",150,662280,boxer,Daisuke Sudo,http://boxrec.com/list_bouts.php?human_id=662280&cat=boxer,0,3,0,2,0,1,3-2-1,"{""l"", ""w"", ""l"", ""w"", ""w"", ""d""}",2013,20,southpaw,flag jp,Japan,"Tokyo, Japan"
"""Minimumweight""",151,641690,boxer,Rez Padrogane,http://boxrec.com/list_bouts.php?human_id=641690&cat=boxer,0,2,1,8,5,0,2(1)-8(5)-0,"{""l"", ""l"", ""l"", ""l"", ""l"", ""l""}",2012,23,southpaw,flag ph,Philippines,"Surallah, Cotabato del Sur, Philippines"
"""Minimumweight""",152,523260,boxer,Akihiro Hikichi,http://boxrec.com/list_bouts.php?human_id=523260&cat=boxer,0,3,0,5,2,3,3-5(2)-3,"{""w"", ""l"", ""w"", ""d"", ""l"", ""l""}",2009,26,southpaw,flag jp,Japan,"Tokyo, Japan"
"""Minimumweight""",153,664726,boxer,Eduardo Velazco,http://boxrec.com/list_bouts.php?human_id=664726&cat=boxer,0,2,0,0,0,0,2-0-0,"{""w"", ""w""}",2013,"","",flag mx,Mexico,"Distrito Federal, Mexico"
"""Minimumweight""",154,692735,boxer,Fadhili Chamile,http://boxrec.com/list_bouts.php?human_id=692735&cat=boxer,0,2,1,1,0,1,2(1)-1-1,"{""w"", ""w"", ""d"", ""l""}",2014,"","",flag tz,Tanzania,""
"""Minimumweight""",155,617557,boxer,Tatsuya Sakamoto,http://boxrec.com/list_bouts.php?human_id=617557&cat=boxer,0,4,1,7,5,0,4(1)-7(5)-0,"{""l"", ""l"", ""l"", ""w"", ""l"", ""l""}",2012,21,orthodox,flag jp,Japan,"Sakai, Osaka, Japan"
"""Minimumweight""",156,352655,boxer,Naoya Hamaguchi,http://boxrec.com/list_bouts.php?human_id=352655&cat=boxer,0,4,1,3,0,1,4(1)-3-1,"{""w"", ""w"", ""l"", ""w"", ""l"", ""l""}",2006,34,orthodox,flag jp,Japan,"Osaka, Osaka, Japan"
"""Minimumweight""",157,555838,boxer,Madit Sada,http://boxrec.com/list_bouts.php?human_id=555838&cat=boxer,0,9,3,21,13,1,9(3)-21(13)-1,"{""l"", ""l"", ""l"", ""l"", ""l"", ""l""}",2010,"","",flag id,Indonesia,"Sorong, Indonesia"
"""Minimumweight""",158,653006,boxer,Mzwamadoda Jibiliza,http://boxrec.com/list_bouts.php?human_id=653006&cat=boxer,0,3,1,5,4,1,3(1)-5(4)-1,"{""w"", ""l"", ""w"", ""l"", ""l"", ""d""}",2012,"","",flag za,South Africa,"Uitenhage, Eastern Cape, South Africa"
"""Minimumweight""",159,685415,boxer,Terumi Aoi,http://boxrec.com/list_bouts.php?human_id=685415&cat=boxer,0,1,0,2,2,0,1-2(2)-0,"{""l"", ""l"", ""w""}",2014,25,orthodox,flag jp,Japan,"Osaka, Osaka, Japan"
"""Minimumweight""",160,691209,boxer,Jerome Clavite,http://boxrec.com/list_bouts.php?human_id=691209&cat=boxer,0,3,1,0,0,1,3(1)-0-1,"{""d"", ""w"", ""w"", ""w""}",2014,19,southpaw,flag ph,Philippines,"Binan City, Laguna, Philippines"
"""Minimumweight""",161,540375,boxer,Dodoy Alapormina,http://boxrec.com/list_bouts.php?human_id=540375&cat=boxer,0,1,0,24,2,1,1-24(2)-1,"{""l"", ""l"", ""l"", ""l"", ""l"", ""l""}",2010,23,southpaw,flag ph,Philippines,"Muntinlupa City, Metro Manila, Philippines"
"""Minimumweight""",162,702145,boxer,Xolani Malotana,http://boxrec.com/list_bouts.php?human_id=702145&cat=boxer,0,2,2,0,0,0,2(2)-0-0,"{""w"", ""w""}",2014,"","",flag za,South Africa,"Eastern Cape, South Africa"
"""Minimumweight""",163,633218,boxer,Gerald Orozco,http://boxrec.com/list_bouts.php?human_id=633218&cat=boxer,0,3,1,6,1,0,3(1)-6(1)-0,"{""w"", ""l"", ""l"", ""l"", ""l"", ""w""}",2012,23,orthodox,flag ni,Nicaragua,"Matagalpa, Nicaragua"
"""Minimumweight""",164,707060,boxer,Shintaro Yano,http://boxrec.com/list_bouts.php?human_id=707060&cat=boxer,0,1,0,1,1,0,1-1(1)-0,"{""w"", ""l""}",2014,18,orthodox,flag jp,Japan,"Akashi, Hyogo, Japan"
"""Minimumweight""",165,632869,boxer,Yuki Uchida,http://boxrec.com/list_bouts.php?human_id=632869&cat=boxer,0,2,0,3,1,0,2-3(1)-0,"{""w"", ""l"", ""w"", ""l"", ""l""}",2012,21,orthodox,flag jp,Japan,"Yamato, Kanagawa, Japan"
"""Minimumweight""",166,7209,boxer,Mongkol Charoen,http://boxrec.com/list_bouts.php?human_id=7209&cat=boxer,0,25,8,4,1,0,25(8)-4(1)-0,"{""w"", ""l"", ""w"", ""w"", ""w"", ""l""}",1994,37,southpaw,flag th,Thailand,Thailand
"""Minimumweight""",167,617001,boxer,Roga Libres,http://boxrec.com/list_bouts.php?human_id=617001&cat=boxer,0,3,0,6,3,0,3-6(3)-0,"{""l"", ""l"", ""w"", ""w"", ""l"", ""l""}",2011,"","",flag ph,Philippines,""
"""Minimumweight""",168,693058,boxer,Jacklord Daoay,http://boxrec.com/list_bouts.php?human_id=693058&cat=boxer,0,2,1,1,1,0,2(1)-1(1)-0,"{""w"", ""l"", ""w""}",2014,21,southpaw,flag ph,Philippines,"Butuan City, Agusan del Norte, Philippines"
"""Minimumweight""",169,706762,boxer,Yuto Takahashi,http://boxrec.com/list_bouts.php?human_id=706762&cat=boxer,0,2,1,0,0,0,2(1)-0-0,"{""w"", ""w""}",2014,22,orthodox,flag jp,Japan,"Tokyo, Japan"
"""Minimumweight""",170,669957,boxer,Shohei Niwa,http://boxrec.com/list_bouts.php?human_id=669957&cat=boxer,0,1,0,2,0,1,1-2-1,"{""l"", ""w"", ""l"", ""d""}",2013,22,orthodox,flag jp,Japan,"Tokyo, Japan"
"""Minimumweight""",171,611159,boxer,Richie Behec,http://boxrec.com/list_bouts.php?human_id=611159&cat=boxer,0,2,1,3,1,1,2(1)-3(1)-1,"{""d"", ""w"", ""w"", ""l"", ""l"", ""l""}",2012,"","",flag ph,Philippines,""
"""Minimumweight""",172,709033,boxer,Robert Onggocan,http://boxrec.com/list_bouts.php?human_id=709033&cat=boxer,0,2,1,0,0,0,2(1)-0-0,"{""w"", ""w""}",2015,19,southpaw,flag ph,Philippines,"Binan City, Laguna, Philippines"
"""Minimumweight""",173,647714,boxer,Giovanni Andrade,http://boxrec.com/list_bouts.php?human_id=647714&cat=boxer,0,2,1,1,1,1,2(1)-1(1)-1,"{""l"", ""w"", ""w"", ""d""}",2013,"","",flag mx,Mexico,"Distrito Federal, Mexico"
"""Minimumweight""",174,700849,boxer,Juan Perez,http://boxrec.com/list_bouts.php?human_id=700849&cat=boxer,0,2,1,0,0,0,2(1)-0-0,"{""w"", ""w""}",2014,21,orthodox,flag ni,Nicaragua,"Managua, Nicaragua"
"""Minimumweight""",175,656581,boxer,Siseko Nkohliso,http://boxrec.com/list_bouts.php?human_id=656581&cat=boxer,0,2,0,3,1,0,2-3(1)-0,"{""w"", ""l"", ""w"", ""l"", ""l""}",2013,"","",flag za,South Africa,"Eastern Cape, South Africa"
"""Minimumweight""",176,479859,boxer,Francisco Elizabeth,http://boxrec.com/list_bouts.php?human_id=479859&cat=boxer,0,3,1,10,6,1,3(1)-10(6)-1,"{""l"", ""d"", ""l"", ""l"", ""l"", ""l""}",2008,23,orthodox,flag ni,Nicaragua,"Masaya, Nicaragua"
"""Minimumweight""",177,691891,boxer,Takumi Kondo,http://boxrec.com/list_bouts.php?human_id=691891&cat=boxer,0,1,1,0,0,1,1(1)-0-1,"{""w"", ""d""}",2014,18,southpaw,flag jp,Japan,"Oita, Oita, Japan"
"""Minimumweight""",178,714466,boxer,Ryoya Ikema,http://boxrec.com/list_bouts.php?human_id=714466&cat=boxer,0,1,1,0,0,0,1(1)-0-0,"{""w""}",2015,17,orthodox,flag jp,Japan,"Hiroshima, Hiroshima, Japan"
"""Minimumweight""",179,718508,boxer,Junto Nakatani,http://boxrec.com/list_bouts.php?human_id=718508&cat=boxer,0,1,1,0,0,0,1(1)-0-0,"{""w""}",2015,17,southpaw,flag jp,Japan,"Sagamihara, Kanagawa, Japan"
"""Minimumweight""",180,706465,boxer,Ronald Ewican,http://boxrec.com/list_bouts.php?human_id=706465&cat=boxer,0,1,1,0,0,0,1(1)-0-0,"{""w""}",2014,"","",flag ph,Philippines,""
"""Minimumweight""",181,706463,boxer,Lemuel Lausa,http://boxrec.com/list_bouts.php?human_id=706463&cat=boxer,0,1,1,0,0,0,1(1)-0-0,"{""w""}",2014,"","",flag ph,Philippines,""
"""Minimumweight""",182,692361,boxer,Eduardo Ramirez,http://boxrec.com/list_bouts.php?human_id=692361&cat=boxer,0,1,1,0,0,0,1(1)-0-0,"{""w""}",2014,"","",flag mx,Mexico,"Jalisco, Mexico"
"""Minimumweight""",183,676910,boxer,Yuki Ikeya,http://boxrec.com/list_bouts.php?human_id=676910&cat=boxer,0,1,1,1,1,0,1(1)-1(1)-0,"{""l"", ""w""}",2014,21,orthodox,flag jp,Japan,"Fussa, Tokyo, Japan"
"""Minimumweight""",184,562705,boxer,Takeshi Nakayama,http://boxrec.com/list_bouts.php?human_id=562705&cat=boxer,0,3,1,7,2,2,3(1)-7(2)-2,"{""l"", ""w"", ""w"", ""l"", ""l"", ""l""}",2011,31,orthodox,flag jp,Japan,"Takatsuki, Osaka, Japan"
"""Minimumweight""",185,704340,boxer,Shota Asaumi,http://boxrec.com/list_bouts.php?human_id=704340&cat=boxer,0,1,1,1,0,0,1(1)-1-0,"{""w"", ""l""}",2014,20,orthodox,flag jp,Japan,"Osaka, Osaka, Japan"
"""Minimumweight""",186,680954,boxer,Israel Morales,http://boxrec.com/list_bouts.php?human_id=680954&cat=boxer,0,3,1,2,1,0,3(1)-2(1)-0,"{""w"", ""l"", ""w"", ""w"", ""l""}",2013,17,orthodox,flag mx,Mexico,"Chetumal, Quintana Roo, Mexico"
"""Minimumweight""",187,483261,boxer,Sithembile Mbande,http://boxrec.com/list_bouts.php?human_id=483261&cat=boxer,0,2,1,7,6,1,2(1)-7(6)-1,"{""w"", ""l"", ""l"", ""l"", ""d"", ""w""}",2008,"",southpaw,flag za,South Africa,"Mdantsane,East London, Eastern Cape, South Africa"
"""Minimumweight""",188,664283,boxer,Shunsuke Iwasaki,http://boxrec.com/list_bouts.php?human_id=664283&cat=boxer,0,1,1,2,0,0,1(1)-2-0,"{""l"", ""w"", ""l""}",2013,26,orthodox,flag jp,Japan,"Tokyo, Japan"
"""Minimumweight""",189,653008,boxer,Luthando Calata,http://boxrec.com/list_bouts.php?human_id=653008&cat=boxer,0,0,0,2,0,1,0-2-1,"{""l"", ""l"", ""d""}",2012,"","",flag za,South Africa,"Eastern Cape, South Africa"
"""Minimumweight""",190,700101,boxer,Paquiao Zugo,http://boxrec.com/list_bouts.php?human_id=700101&cat=boxer,0,2,0,0,0,0,2-0-0,"{""w"", ""w""}",2014,"","",flag tz,Tanzania,""
"""Minimumweight""",191,616966,boxer,Clever Mdingi,http://boxrec.com/list_bouts.php?human_id=616966&cat=boxer,0,2,1,3,2,0,2(1)-3(2)-0,"{""w"", ""l"", ""w"", ""l"", ""l""}",2012,"","",flag za,South Africa,"Springs, Gauteng, South Africa"
"""Minimumweight""",192,550178,boxer,Joey Bactul,http://boxrec.com/list_bouts.php?human_id=550178&cat=boxer,0,2,2,7,6,0,2(2)-7(6)-0,"{""l"", ""w"", ""l"", ""w"", ""l"", ""l""}",2010,"","",flag ph,Philippines,""
"""Minimumweight""",193,712068,boxer,Ernesto Alera,http://boxrec.com/list_bouts.php?human_id=712068&cat=boxer,0,1,0,0,0,0,1-0-0,"{""w""}",2015,"","",flag ph,Philippines,""
"""Minimumweight""",194,487047,boxer,Luis Diaz,http://boxrec.com/list_bouts.php?human_id=487047&cat=boxer,0,0,0,8,3,2,0-8(3)-2,"{""d"", ""l"", ""l"", ""l"", ""l"", ""l""}",2009,28,southpaw,flag pr,Puerto Rico,"Manati, Puerto Rico"
"""Minimumweight""",195,470397,boxer,Cesar Montemayor,http://boxrec.com/list_bouts.php?human_id=470397&cat=boxer,0,2,0,5,2,0,2-5(2)-0,"{""l"", ""l"", ""w"", ""l"", ""l"", ""w""}",2008,"","",flag mx,Mexico,"Monterrey, Nuevo León, Mexico"
"""Minimumweight""",196,717534,boxer,Argie Guiriba,http://boxrec.com/list_bouts.php?human_id=717534&cat=boxer,0,1,0,0,0,0,1-0-0,"{""w""}",2015,19,"",flag ph,Philippines,""
"""Minimumweight""",197,702288,boxer,Simon Mofokeng,http://boxrec.com/list_bouts.php?human_id=702288&cat=boxer,0,1,0,0,0,0,1-0-0,"{""w""}",2014,"","",flag za,South Africa,"Eastern Cape, South Africa"
"""Minimumweight""",198,689042,boxer,Amir Mwamadi,http://boxrec.com/list_bouts.php?human_id=689042&cat=boxer,0,1,0,2,0,0,1-2-0,"{""l"", ""l"", ""w""}",2014,"","",flag tz,Tanzania,""
"""Minimumweight""",199,714642,boxer,Selemani Bangaize,http://boxrec.com/list_bouts.php?human_id=714642&cat=boxer,0,1,0,0,0,0,1-0-0,"{""w""}",2015,"","",flag tz,Tanzania,""
"""Minimumweight""",200,707265,boxer,Kadilu Hamisi,http://boxrec.com/list_bouts.php?human_id=707265&cat=boxer,0,1,0,0,0,0,1-0-0,"{""w""}",2014,"","",flag tz,Tanzania,""
"""Minimumweight""",201,696514,boxer,Nelson Escalicas,http://boxrec.com/list_bouts.php?human_id=696514&cat=boxer,0,1,0,0,0,0,1-0-0,"{""w""}",2014,"","",flag ph,Philippines,""
"""Minimumweight""",202,693804,boxer,Sinethemba Maseti,http://boxrec.com/list_bouts.php?human_id=693804&cat=boxer,0,1,0,1,0,0,1-1-0,"{""l"", ""w""}",2014,"","",flag za,South Africa,"Western Cape, South Africa"
"""Minimumweight""",203,687481,boxer,Vicente Montecino,http://boxrec.com/list_bouts.php?human_id=687481&cat=boxer,0,0,0,0,0,1,0-0-1,"{""d""}",2014,22,"",flag ph,Philippines,"Makati City, Metro Manila, Philippines"
"""Minimumweight""",204,702153,boxer,Tandolwethu Hlungani,http://boxrec.com/list_bouts.php?human_id=702153&cat=boxer,0,1,0,1,0,0,1-1-0,"{""w"", ""l""}",2014,"","",flag za,South Africa,"Eastern Cape, South Africa"
"""Minimumweight""",205,702151,boxer,Buntu Mbayisa,http://boxrec.com/list_bouts.php?human_id=702151&cat=boxer,0,1,0,1,1,1,1-1(1)-1,"{""w"", ""d"", ""l""}",2014,"","",flag za,South Africa,"Eastern Cape, South Africa"
"""Minimumweight""",206,703655,boxer,Eduardo Casimiro,http://boxrec.com/list_bouts.php?human_id=703655&cat=boxer,0,1,0,1,0,0,1-1-0,"{""l"", ""w""}",2014,"","",,,"México, Mexico"
"""Minimumweight""",207,716891,boxer,Jun Muto,http://boxrec.com/list_bouts.php?human_id=716891&cat=boxer,0,1,0,0,0,0,1-0-0,"{""w""}",2015,25,orthodox,flag jp,Japan,"Tokyo, Japan"
"""Minimumweight""",208,684531,boxer,BJ Sampiton,http://boxrec.com/list_bouts.php?human_id=684531&cat=boxer,0,1,0,1,0,0,1-1-0,"{""l"", ""w""}",2014,20,"",flag ph,Philippines,"Paranaque City, Metro Manila, Philippines"
"""Minimumweight""",209,476731,boxer,Shota Fujii,http://boxrec.com/list_bouts.php?human_id=476731&cat=boxer,0,1,0,11,0,0,1-11-0,"{""l"", ""l"", ""l"", ""l"", ""l"", ""l""}",2008,23,orthodox,flag jp,Japan,"Osaka, Osaka, Japan"
"""Minimumweight""",210,626408,boxer,Jiro Saonoy,http://boxrec.com/list_bouts.php?human_id=626408&cat=boxer,0,1,0,5,2,0,1-5(2)-0,"{""l"", ""l"", ""l"", ""w"", ""l"", ""l""}",2012,"","",flag ph,Philippines,"Pagsanjan, Laguna, Philippines"
"""Minimumweight""",211,556215,boxer,Shinnosuke Okada,http://boxrec.com/list_bouts.php?human_id=556215&cat=boxer,0,1,1,6,2,2,1(1)-6(2)-2,"{""l"", ""d"", ""d"", ""l"", ""l"", ""l""}",2010,33,orthodox,flag jp,Japan,"Kunitachi, Tokyo, Japan"
"""Minimumweight""",212,666185,boxer,Mike Kinaadman,http://boxrec.com/list_bouts.php?human_id=666185&cat=boxer,0,0,0,1,0,2,0-1-2,"{""l"", ""d"", ""d""}",2013,19,orthodox,flag ph,Philippines,"Iligan City, Lanao del Norte, Philippines"
"""Minimumweight""",213,585803,boxer,Daniel Arredondo,http://boxrec.com/list_bouts.php?human_id=585803&cat=boxer,0,2,1,8,5,0,2(1)-8(5)-0,"{""w"", ""l"", ""w"", ""l"", ""l"", ""l""}",2011,"",orthodox,flag mx,Mexico,"Los Mochis, Sinaloa, Mexico"
"""Minimumweight""",214,500964,boxer,Durong Sor Vorasing,http://boxrec.com/list_bouts.php?human_id=500964&cat=boxer,0,2,2,5,1,0,2(2)-5(1)-0,"{""l"", ""l"", ""w"", ""l"", ""l"", ""l""}",2009,22,orthodox,flag th,Thailand,"Bangkok, Thailand"
"""Minimumweight""",215,679011,boxer,Joshro Lindon,http://boxrec.com/list_bouts.php?human_id=679011&cat=boxer,0,0,0,5,1,0,0-5(1)-0,"{""l"", ""l"", ""l"", ""l"", ""l""}",2014,"","",flag ph,Philippines,Philippines
"""Minimumweight""",216,700806,boxer,Cedie Noblefranca,http://boxrec.com/list_bouts.php?human_id=700806&cat=boxer,0,0,0,2,1,0,0-2(1)-0,"{""l"", ""l""}",2014,19,"",flag ph,Philippines,"Cebu City, Cebu, Philippines"
"""Minimumweight""",217,672917,boxer,Eddy Mejia,http://boxrec.com/list_bouts.php?human_id=672917&cat=boxer,0,1,0,7,3,0,1-7(3)-0,"{""l"", ""l"", ""l"", ""l"", ""l"", ""l""}",2013,19,orthodox,flag ni,Nicaragua,"Leon, Nicaragua"
"""Minimumweight""",218,591515,boxer,Takuya Sumiyoshi,http://boxrec.com/list_bouts.php?human_id=591515&cat=boxer,0,0,0,5,2,1,0-5(2)-1,"{""l"", ""l"", ""d"", ""l"", ""l"", ""l""}",2011,24,orthodox,flag jp,Japan,"Kyoto, Kyoto, Japan"
"""Minimumweight""",219,669684,boxer,Hideaki Kamiyasu,http://boxrec.com/list_bouts.php?human_id=669684&cat=boxer,0,1,0,2,2,0,1-2(2)-0,"{""w"", ""l"", ""l""}",2013,28,orthodox,flag jp,Japan,"Okazaki, Aichi, Japan"
"""Minimumweight""",220,694014,boxer,Tomohiro Shimokata,http://boxrec.com/list_bouts.php?human_id=694014&cat=boxer,0,0,0,1,0,1,0-1-1,"{""l"", ""d""}",2014,23,orthodox,flag jp,Japan,"Fuji, Shizuoka, Japan"
"""Minimumweight""",221,674290,boxer,Jeromias Aguinaldo,http://boxrec.com/list_bouts.php?human_id=674290&cat=boxer,0,0,0,2,0,0,0-2-0,"{""l"", ""l""}",2014,"","",flag ph,Philippines,""
"""Minimumweight""",222,688599,boxer,Juan Hernandez,http://boxrec.com/list_bouts.php?human_id=688599&cat=boxer,0,0,0,2,0,0,0-2-0,"{""l"", ""l""}",2014,"","",flag mx,Mexico,"Saltillo, Coahuila de Zaragoza, Mexico"
"""Minimumweight""",223,700714,boxer,Marihot Hutajulu,http://boxrec.com/list_bouts.php?human_id=700714&cat=boxer,0,1,0,2,2,0,1-2(2)-0,"{""w"", ""l"", ""l""}",2014,"","",flag id,Indonesia,"Jakarta, Indonesia"
"""Minimumweight""",224,650032,boxer,Aprilito Agcopra,http://boxrec.com/list_bouts.php?human_id=650032&cat=boxer,0,0,0,5,0,1,0-5-1,"{""l"", ""d"", ""l"", ""l"", ""l"", ""l""}",2013,28,orthodox,flag ph,Philippines,"Manila, Metro Manila, Philippines"
"""Minimumweight""",225,657181,boxer,Takeshi Oishi,http://boxrec.com/list_bouts.php?human_id=657181&cat=boxer,0,1,0,4,3,0,1-4(3)-0,"{""w"", ""l"", ""l"", ""l"", ""l""}",2013,22,orthodox,flag jp,Japan,"Fukutsu, Fukuoka, Japan"
"""Minimumweight""",226,498929,boxer,Koji Unten,http://boxrec.com/list_bouts.php?human_id=498929&cat=boxer,0,0,0,3,2,2,0-3(2)-2,"{""l"", ""d"", ""d"", ""l"", ""l""}",2009,34,"",flag jp,Japan,"Kumamoto, Kumamoto, Japan"
"""Minimumweight""",227,396432,boxer,Noel Rosa,http://boxrec.com/list_bouts.php?human_id=396432&cat=boxer,0,0,0,4,1,0,0-4(1)-0,"{""l"", ""l"", ""l"", ""l""}",2007,"","",flag ph,Philippines,""
"""Minimumweight""",228,718509,boxer,Junichi Itoga,http://boxrec.com/list_bouts.php?human_id=718509&cat=boxer,0,0,0,1,1,0,0-1(1)-0,"{""l""}",2015,"","",flag jp,Japan,"Hiroshima, Hiroshima, Japan"
"""Minimumweight""",229,716890,boxer,Hikaru Tamura,http://boxrec.com/list_bouts.php?human_id=716890&cat=boxer,0,0,0,1,0,0,0-1-0,"{""l""}",2015,19,orthodox,flag jp,Japan,"Tokyo, Japan"
"""Minimumweight""",230,716055,boxer,Alankarn Sithcharnsing,http://boxrec.com/list_bouts.php?human_id=716055&cat=boxer,0,0,0,1,1,0,0-1(1)-0,"{""l""}",2015,"","",flag th,Thailand,""
"""Minimumweight""",231,716042,boxer,Hiroshige Miyata,http://boxrec.com/list_bouts.php?human_id=716042&cat=boxer,0,0,0,1,0,0,0-1-0,"{""l""}",2015,30,orthodox,flag jp,Japan,"Nagoya, Aichi, Japan"
"""Minimumweight""",232,714643,boxer,Yasini Zamba,http://boxrec.com/list_bouts.php?human_id=714643&cat=boxer,0,0,0,1,0,0,0-1-0,"{""l""}",2015,"","",flag tz,Tanzania,""
"""Minimumweight""",233,710430,boxer,Jesus Miguel Zamora,http://boxrec.com/list_bouts.php?human_id=710430&cat=boxer,0,0,0,1,0,0,0-1-0,"{""l""}",2015,"","",flag mx,Mexico,"Zapopan, Jalisco, Mexico"
"""Minimumweight""",234,710291,boxer,Arles Martinez,http://boxrec.com/list_bouts.php?human_id=710291&cat=boxer,0,0,0,1,0,0,0-1-0,"{""l""}",2014,"","",flag mx,Mexico,"Zapopan, Jalisco, Mexico"
"""Minimumweight""",235,709119,boxer,Indra Datista,http://boxrec.com/list_bouts.php?human_id=709119&cat=boxer,0,0,0,1,0,0,0-1-0,"{""l""}",2014,"","",flag id,Indonesia,"Sukoharjo, Indonesia"
"""Minimumweight""",236,708673,boxer,Liempetchlek Sor Sekong,http://boxrec.com/list_bouts.php?human_id=708673&cat=boxer,0,0,0,1,0,0,0-1-0,"{""l""}",2015,"","",flag la,Laos,""
"""Minimumweight""",237,708053,boxer,Alex Caoktoy,http://boxrec.com/list_bouts.php?human_id=708053&cat=boxer,0,0,0,1,1,0,0-1(1)-0,"{""l""}",2015,17,"",flag ph,Philippines,""
"""Minimumweight""",238,707266,boxer,Salum Yusufu,http://boxrec.com/list_bouts.php?human_id=707266&cat=boxer,0,0,0,1,0,0,0-1-0,"{""l""}",2014,"","",flag tz,Tanzania,""
"""Minimumweight""",239,706869,boxer,M Rohim,http://boxrec.com/list_bouts.php?human_id=706869&cat=boxer,0,0,0,2,1,0,0-2(1)-0,"{""l"", ""l""}",2013,"","",flag id,Indonesia,"Banyuwangi, Indonesia"
"""Minimumweight""",240,706498,boxer,Frank Charles,http://boxrec.com/list_bouts.php?human_id=706498&cat=boxer,0,0,0,1,0,0,0-1-0,"{""l""}",2014,"","",flag tz,Tanzania,""
"""Minimumweight""",241,706485,boxer,Salum Issa,http://boxrec.com/list_bouts.php?human_id=706485&cat=boxer,0,0,0,1,0,0,0-1-0,"{""l""}",2014,"","",flag tz,Tanzania,""
"""Minimumweight""",242,706466,boxer,Alfredo Tomongtong,http://boxrec.com/list_bouts.php?human_id=706466&cat=boxer,0,0,0,1,1,0,0-1(1)-0,"{""l""}",2014,"","",flag ph,Philippines,""
"""Minimumweight""",243,706464,boxer,Querico Bulwan,http://boxrec.com/list_bouts.php?human_id=706464&cat=boxer,0,0,0,1,1,0,0-1(1)-0,"{""l""}",2014,"","",flag ph,Philippines,""
"""Minimumweight""",244,705047,boxer,Shigi Hosokawa,http://boxrec.com/list_bouts.php?human_id=705047&cat=boxer,0,0,0,1,1,0,0-1(1)-0,"{""l""}",2014,17,southpaw,flag jp,Japan,"Amagasaki, Hyogo, Japan"
"""Minimumweight""",245,704979,boxer,Aliy Halifa,http://boxrec.com/list_bouts.php?human_id=704979&cat=boxer,0,0,0,1,0,0,0-1-0,"{""l""}",2014,"","",flag tz,Tanzania,""
